lr,selected_rate
0.05,0.171875
0.2,0.1640625
0.5,0.1484375
